<?xml version="1.0" encoding="UTF-8" standalone="no"?>
<!DOCTYPE score-partwise PUBLIC "-//Recordare//DTD MusicXML 1.0 Partwise//EN" "/musicxml/partwise.dtd">
<score-partwise>
	<work></work>
	<identification><encoding><software>Guitar Pro 5</software>
			<encoding-description>MusicXML 1.0</encoding-description>
		</encoding>
		<miscellaneous></miscellaneous>
	</identification>
	<part-list><score-part id="P1"><part-name>Pista 1</part-name>
			<score-instrument id="P1-I1"><instrument-name></instrument-name>
			</score-instrument>
			<midi-instrument id="P1-I1"><midi-channel>1</midi-channel>
				<midi-program>25</midi-program>
			</midi-instrument>
		</score-part>
	</part-list>
	<part id="P1">
		<measure number="1">
			<attributes><divisions>12</divisions>
				<key><fifths>0</fifths>
					<mode>major</mode>
				</key>
				<time><beats>4</beats>
					<beat-type>4</beat-type>
				</time>
				<clef><sign>TAB</sign>
					<line>5</line>
				</clef>
				<staff-details><staff-lines>6</staff-lines>
					<staff-tuning line="6"><tuning-step>E</tuning-step>
						<tuning-octave>5</tuning-octave>
					</staff-tuning>
					<staff-tuning line="5"><tuning-step>B</tuning-step>
						<tuning-octave>4</tuning-octave>
					</staff-tuning>
					<staff-tuning line="4"><tuning-step>G</tuning-step>
						<tuning-octave>4</tuning-octave>
					</staff-tuning>
					<staff-tuning line="3"><tuning-step>D</tuning-step>
						<tuning-octave>4</tuning-octave>
					</staff-tuning>
					<staff-tuning line="2"><tuning-step>A</tuning-step>
						<tuning-octave>3</tuning-octave>
					</staff-tuning>
					<staff-tuning line="1"><tuning-step>E</tuning-step>
						<tuning-octave>3</tuning-octave>
					</staff-tuning>
				</staff-details>
			</attributes>
			<sound pan="8" tempo="120"></sound>
			<barline location="left"><bar-style>heavy-light</bar-style>
			</barline>
			<barline><bar-style>light-heavy</bar-style>
			</barline>
			<note><rest></rest>
				<duration>6</duration>
				<voice>1</voice>
				<type>eighth</type>
			</note>
			<note><pitch><step>D</step>
					<alter>1</alter>
					<octave>6</octave>
				</pitch>
				<duration>18</duration>
				<voice>1</voice>
				<type>quarter</type>
				<dot></dot>
				<notations><dynamics><f></f>
					</dynamics>
					<technical><string>1</string>
						<fret>11</fret>
						<other-technical>vibrato</other-technical>
					</technical>
				</notations>
			</note>
			<note><pitch><step>C</step>
					<octave>6</octave>
				</pitch>
				<duration>4</duration>
				<voice>1</voice>
				<type>eighth</type>
				<time-modification><actual-notes>3</actual-notes>
					<normal-notes>2</normal-notes>
				</time-modification>
				<notations><dynamics><f></f>
					</dynamics>
					<technical><string>1</string>
						<fret>8</fret>
					</technical>
				</notations>
			</note>
			<note><pitch><step>A</step>
					<alter>1</alter>
					<octave>5</octave>
				</pitch>
				<duration>4</duration>
				<voice>1</voice>
				<type>eighth</type>
				<time-modification><actual-notes>3</actual-notes>
					<normal-notes>2</normal-notes>
				</time-modification>
				<notations><dynamics><f></f>
					</dynamics>
					<technical><string>2</string>
						<fret>11</fret>
					</technical>
				</notations>
			</note>
			<note><pitch><step>G</step>
					<octave>5</octave>
				</pitch>
				<duration>4</duration>
				<voice>1</voice>
				<type>eighth</type>
				<time-modification><actual-notes>3</actual-notes>
					<normal-notes>2</normal-notes>
				</time-modification>
				<notations><dynamics><f></f>
					</dynamics>
					<technical><string>2</string>
						<fret>8</fret>
					</technical>
				</notations>
			</note>
			<note><pitch><step>F</step>
					<octave>5</octave>
				</pitch>
				<duration>4</duration>
				<voice>1</voice>
				<type>eighth</type>
				<time-modification><actual-notes>3</actual-notes>
					<normal-notes>2</normal-notes>
				</time-modification>
				<notations><dynamics><f></f>
					</dynamics>
					<technical><string>3</string>
						<fret>10</fret>
						<bend><bend-alter>0,5</bend-alter>
							<release></release>
						</bend>
					</technical>
				</notations>
			</note>
			<note><pitch><step>F</step>
					<octave>5</octave>
				</pitch>
				<duration>4</duration>
				<voice>1</voice>
				<type>eighth</type>
				<time-modification><actual-notes>3</actual-notes>
					<normal-notes>2</normal-notes>
				</time-modification>
				<notehead parentheses="yes">normal</notehead>
				<notations><dynamics><mp></mp>
					</dynamics>
					<technical><string>3</string>
						<fret>10</fret>
						<pull-off type="start">P</pull-off>
					</technical>
				</notations>
			</note>
			<note><pitch><step>D</step>
					<alter>1</alter>
					<octave>5</octave>
				</pitch>
				<duration>4</duration>
				<voice>1</voice>
				<type>eighth</type>
				<time-modification><actual-notes>3</actual-notes>
					<normal-notes>2</normal-notes>
				</time-modification>
				<notations><dynamics><f></f>
					</dynamics>
					<technical><string>3</string>
						<fret>8</fret>
						<pull-off type="stop"></pull-off>
					</technical>
				</notations>
			</note>
		</measure>
	</part>
</score-partwise>
