<!DOCTYPE score-partwise PUBLIC "-//Recordare//DTD MusicXML 1.0 Partwise//EN" "/musicxml/partwise.dtd">
<score-partwise>
	<work/>
	<identification><encoding><software>Guitar Pro 5</software>
			<encoding-description>MusicXML 1.0</encoding-description>
		</encoding>
		<miscellaneous/>
	</identification>
	<part-list><score-part id="P1"><part-name>Pista 1</part-name>
			<score-instrument id="P1-I1"><instrument-name/>
			</score-instrument>
			<midi-instrument id="P1-I1"><midi-channel>1</midi-channel>
				<midi-program>25</midi-program>
			</midi-instrument>
		</score-part>
	</part-list>
	<part id="P1">
		
	<measure number="3">
			<attributes><divisions>24</divisions>
			</attributes>
			<barline><bar-style>light-heavy</bar-style>
			</barline>
			<note><pitch><step>C</step>
					<octave>5</octave>
				</pitch>
				<duration>18</duration>
				<voice>1</voice>
				<type>eighth</type>
				<dot/>
				<notations><dynamics><f/>
					</dynamics>
					<technical><string>4</string>
						<fret>10</fret>
					</technical>
				</notations>
			</note>
			<note><rest/>
				<duration>48</duration>
				<voice>1</voice>
				<type>half</type>
			</note>
			<note><rest/>
				<duration>24</duration>
				<voice>1</voice>
				<type>quarter</type>
			</note>
			<note><rest/>
				<duration>6</duration>
				<voice>1</voice>
				<type>16th</type>
			</note>
		</measure>
	</part>
</score-partwise>