<!DOCTYPE score-partwise PUBLIC "-//Recordare//DTD MusicXML 1.0 Partwise//EN" "/musicxml/partwise.dtd">
<score-partwise>
	<work/>
	<identification><encoding><software>Guitar Pro 5</software>
			<encoding-description>MusicXML 1.0</encoding-description>
		</encoding>
		<miscellaneous/>
	</identification>
	<part-list><score-part id="P1"><part-name>Pista 1</part-name>
			<score-instrument id="P1-I1"><instrument-name/>
			</score-instrument>
			<midi-instrument id="P1-I1"><midi-channel>1</midi-channel>
				<midi-program>25</midi-program>
			</midi-instrument>
		</score-part>
	</part-list>
	<part id="P1">
		
	<measure number="3">
			<attributes><divisions>4</divisions>
			</attributes>
			<note><pitch><step>C</step>
					<octave>6</octave>
				</pitch>
				<duration>4</duration>
				<tie type="stop"/>
				<voice>1</voice>
				<type>quarter</type>
				<notations><tied type="stop"/>
					<technical><string>1</string>
						<fret>8</fret>
					</technical>
				</notations>
			</note>
			<note><pitch><step>C</step>
					<octave>6</octave>
				</pitch>
				<duration>4</duration>
				<voice>1</voice>
				<type>quarter</type>
				<notations><dynamics><f/>
					</dynamics>
					<technical><string>1</string>
						<fret>8</fret>
						<bend><bend-alter>1</bend-alter>
						</bend>
					</technical>
				</notations>
			</note>
			<note><pitch><step>C</step>
					<octave>6</octave>
				</pitch>
				<duration>1</duration>
				<voice>1</voice>
				<type>16th</type>
				<notations><dynamics><f/>
					</dynamics>
					<technical><string>1</string>
						<fret>8</fret>
					</technical>
				</notations>
			</note>
			<note><pitch><step>A</step>
					<octave>5</octave>
				</pitch>
				<duration>1</duration>
				<voice>1</voice>
				<type>16th</type>
				<notations><dynamics><f/>
					</dynamics>
					<technical><string>1</string>
						<fret>5</fret>
					</technical>
				</notations>
			</note>
			<note><pitch><step>E</step>
					<octave>5</octave>
				</pitch>
				<duration>2</duration>
				<voice>1</voice>
				<type>eighth</type>
				<notations><dynamics><f/>
					</dynamics>
					<technical><string>2</string>
						<fret>5</fret>
					</technical>
				</notations>
			</note>
			<note><pitch><step>C</step>
					<octave>6</octave>
				</pitch>
				<duration>1</duration>
				<voice>1</voice>
				<type>16th</type>
				<notations><dynamics><f/>
					</dynamics>
					<technical><string>1</string>
						<fret>8</fret>
					</technical>
				</notations>
			</note>
			<note><pitch><step>A</step>
					<octave>5</octave>
				</pitch>
				<duration>1</duration>
				<voice>1</voice>
				<type>16th</type>
				<notations><dynamics><f/>
					</dynamics>
					<technical><string>1</string>
						<fret>5</fret>
					</technical>
				</notations>
			</note>
			<note><pitch><step>F</step>
					<alter>1</alter>
					<octave>5</octave>
				</pitch>
				<duration>2</duration>
				<voice>1</voice>
				<type>eighth</type>
				<notations><dynamics><f/>
					</dynamics>
					<technical><string>2</string>
						<fret>7</fret>
					</technical>
				</notations>
			</note>
		</measure>
		</part>
</score-partwise>