<!DOCTYPE score-partwise PUBLIC "-//Recordare//DTD MusicXML 1.0 Partwise//EN" "/musicxml/partwise.dtd">
<score-partwise>
	<work/>
	<identification><encoding><software>Guitar Pro 5</software>
			<encoding-description>MusicXML 1.0</encoding-description>
		</encoding>
		<miscellaneous/>
	</identification>
	<part-list><score-part id="P1"><part-name>Pista 1</part-name>
			<score-instrument id="P1-I1"><instrument-name/>
			</score-instrument>
			<midi-instrument id="P1-I1"><midi-channel>1</midi-channel>
				<midi-program>25</midi-program>
			</midi-instrument>
		</score-part>
	</part-list>
	<part id="P1">
		
	<measure number="2">
			<attributes><divisions>6</divisions>
			</attributes>
			<note><pitch><step>A</step>
					<octave>5</octave>
				</pitch>
				<duration>3</duration>
				<voice>1</voice>
				<type>eighth</type>
				<notations><dynamics><f/>
					</dynamics>
					<technical><string>3</string>
						<fret>14</fret>
					</technical>
					<articulations><scoop/>
					</articulations>
				</notations>
			</note>
			<note><pitch><step>G</step>
					<octave>6</octave>
				</pitch>
				<duration>3</duration>
				<voice>1</voice>
				<type>eighth</type>
				<notations><dynamics><f/>
					</dynamics>
					<technical><string>1</string>
						<fret>15</fret>
					</technical>
				</notations>
			</note>
			<note><pitch><step>F</step>
					<octave>6</octave>
				</pitch>
				<duration>3</duration>
				<voice>1</voice>
				<type>eighth</type>
				<notations><dynamics><f/>
					</dynamics>
					<technical><string>1</string>
						<fret>13</fret>
					</technical>
				</notations>
			</note>
			<note><pitch><step>D</step>
					<alter>1</alter>
					<octave>6</octave>
				</pitch>
				<duration>3</duration>
				<voice>1</voice>
				<type>eighth</type>
				<notations><dynamics><f/>
					</dynamics>
					<technical><string>1</string>
						<fret>11</fret>
						<bend><bend-alter>0,25</bend-alter>
						</bend>
					</technical>
				</notations>
			</note>
			<note><rest/>
				<duration>2</duration>
				<voice>1</voice>
				<type>eighth</type>
				<time-modification><actual-notes>3</actual-notes>
					<normal-notes>2</normal-notes>
				</time-modification>
			</note>
			<note><pitch><step>C</step>
					<octave>6</octave>
				</pitch>
				<duration>2</duration>
				<voice>1</voice>
				<type>eighth</type>
				<time-modification><actual-notes>3</actual-notes>
					<normal-notes>2</normal-notes>
				</time-modification>
				<notations><dynamics><f/>
					</dynamics>
					<technical><string>1</string>
						<fret>8</fret>
					</technical>
				</notations>
			</note>
			<note><pitch><step>G</step>
					<octave>5</octave>
				</pitch>
				<duration>2</duration>
				<voice>1</voice>
				<type>eighth</type>
				<time-modification><actual-notes>3</actual-notes>
					<normal-notes>2</normal-notes>
				</time-modification>
				<notations><dynamics><f/>
					</dynamics>
					<technical><string>2</string>
						<fret>8</fret>
					</technical>
				</notations>
			</note>
			<note><pitch><step>F</step>
					<octave>5</octave>
				</pitch>
				<duration>2</duration>
				<voice>1</voice>
				<type>eighth</type>
				<time-modification><actual-notes>3</actual-notes>
					<normal-notes>2</normal-notes>
				</time-modification>
				<notations><dynamics><f/>
					</dynamics>
					<technical><string>3</string>
						<fret>10</fret>
						<pull-off type="start">P</pull-off>
					</technical>
				</notations>
			</note>
			<note><pitch><step>D</step>
					<alter>1</alter>
					<octave>5</octave>
				</pitch>
				<duration>2</duration>
				<voice>1</voice>
				<type>eighth</type>
				<time-modification><actual-notes>3</actual-notes>
					<normal-notes>2</normal-notes>
				</time-modification>
				<notations><dynamics><f/>
					</dynamics>
					<technical><string>3</string>
						<fret>8</fret>
						<pull-off type="stop"/>
					</technical>
				</notations>
			</note>
			<note><pitch><step>C</step>
					<octave>5</octave>
				</pitch>
				<duration>2</duration>
				<voice>1</voice>
				<type>eighth</type>
				<time-modification><actual-notes>3</actual-notes>
					<normal-notes>2</normal-notes>
				</time-modification>
				<notations><dynamics><f/>
					</dynamics>
					<technical><string>4</string>
						<fret>10</fret>
					</technical>
				</notations>
			</note>
		</measure>
		</part>
</score-partwise>