<!DOCTYPE score-partwise PUBLIC "-//Recordare//DTD MusicXML 1.0 Partwise//EN" "/musicxml/partwise.dtd">
<score-partwise>
	<work/>
	<identification><encoding><software>Guitar Pro 5</software>
			<encoding-description>MusicXML 1.0</encoding-description>
		</encoding>
		<miscellaneous/>
	</identification>
	<part-list><score-part id="P1"><part-name>Pista 1</part-name>
			<score-instrument id="P1-I1"><instrument-name/>
			</score-instrument>
			<midi-instrument id="P1-I1"><midi-channel>1</midi-channel>
				<midi-program>25</midi-program>
			</midi-instrument>
		</score-part>
	</part-list>
	<part id="P1">
		
	<measure number="4">
			<attributes><divisions>4</divisions>
			</attributes>
			<barline><bar-style>light-heavy</bar-style>
			</barline>
			<note><pitch><step>C</step>
					<octave>5</octave>
				</pitch>
				<duration>6</duration>
				<voice>1</voice>
				<type>quarter</type>
				<dot/>
				<notations><dynamics><f/>
					</dynamics>
					<technical><string>4</string>
						<fret>10</fret>
					</technical>
				</notations>
			</note>
			<note><pitch><step>D</step>
					<alter>1</alter>
					<octave>5</octave>
				</pitch>
				<duration>2</duration>
				<voice>1</voice>
				<type>eighth</type>
				<notations><dynamics><f/>
					</dynamics>
					<slide type="start"/>
					<slur type="start"/>
					<technical><string>3</string>
						<fret>8</fret>
					</technical>
				</notations>
			</note>
			<note><chord/>
				<pitch><step>F</step>
					<alter>1</alter>
					<octave>5</octave>
				</pitch>
				<duration>2</duration>
				<voice>1</voice>
				<type>eighth</type>
				<notations><dynamics><f/>
					</dynamics>
					<slide type="start"/>
					<slur type="start"/>
					<technical><string>2</string>
						<fret>7</fret>
					</technical>
				</notations>
			</note>
			<note><pitch><step>E</step>
					<octave>5</octave>
				</pitch>
				<duration>4</duration>
				<voice>1</voice>
				<type>quarter</type>
				<notations><dynamics><f/>
					</dynamics>
					<slide type="stop"/>
					<slur type="stop"/>
					<technical><string>3</string>
						<fret>9</fret>
					</technical>
				</notations>
			</note>
			<note><chord/>
				<pitch><step>G</step>
					<octave>5</octave>
				</pitch>
				<duration>4</duration>
				<voice>1</voice>
				<type>quarter</type>
				<notations><dynamics><f/>
					</dynamics>
					<slide type="stop"/>
					<slur type="stop"/>
					<technical><string>2</string>
						<fret>8</fret>
					</technical>
				</notations>
			</note>
			<note><rest/>
				<duration>4</duration>
				<voice>1</voice>
				<type>quarter</type>
			</note>
		</measure>
	</part>
</score-partwise>